-- phpMyAdmin SQL Dump
-- version 4.9.2
-- https://www.phpmyadmin.net/
--
-- Hôte : 127.0.0.1:3306
-- Généré le :  ven. 21 jan. 2022 à 16:14
-- Version du serveur :  10.4.10-MariaDB
-- Version de PHP :  7.3.12

SET SQL_MODE = "NO_AUTO_VALUE_ON_ZERO";
SET AUTOCOMMIT = 0;
START TRANSACTION;
SET time_zone = "+00:00";


/*!40101 SET @OLD_CHARACTER_SET_CLIENT=@@CHARACTER_SET_CLIENT */;
/*!40101 SET @OLD_CHARACTER_SET_RESULTS=@@CHARACTER_SET_RESULTS */;
/*!40101 SET @OLD_COLLATION_CONNECTION=@@COLLATION_CONNECTION */;
/*!40101 SET NAMES utf8mb4 */;

--
-- Base de données :  `pfe_pandore`
--

-- --------------------------------------------------------

--
-- Structure de la table `audit`
--

DROP TABLE IF EXISTS `audit`;
CREATE TABLE IF NOT EXISTS `audit` (
  `id` int(11) NOT NULL AUTO_INCREMENT,
  `dateRealization` datetime DEFAULT NULL,
  `userEmail` varchar(255) DEFAULT NULL,
  `siret` varchar(16) DEFAULT NULL,
  `detteNette` float DEFAULT NULL,
  `chiffreAffaire` float DEFAULT NULL,
  `resultatNet` float DEFAULT NULL,
  `fondsPropres` float DEFAULT NULL,
  `bfr` float DEFAULT NULL,
  `variationBFR` float DEFAULT NULL,
  `fr` float DEFAULT NULL,
  `ebe` float DEFAULT NULL,
  `capitalSocial` float DEFAULT NULL,
  `coutDette` float DEFAULT NULL,
  `detteCT` float DEFAULT NULL,
  `detteLT` float DEFAULT NULL,
  `tresorerie` float DEFAULT NULL,
  `caf` float DEFAULT NULL,
  `bilanTotal` float DEFAULT NULL,
  `ratioGearing` float DEFAULT NULL,
  `rentabiliteExploitation` float DEFAULT NULL,
  `rentabiliteGlobale` float DEFAULT NULL,
  `ratioEquity` float DEFAULT NULL,
  `ratioLevier` float DEFAULT NULL,
  `icr` float DEFAULT NULL,
  `resultAudit` int(11) DEFAULT NULL,
  PRIMARY KEY (`id`),
  KEY `fk_audit_email` (`userEmail`),
  KEY `fk_audit_siret` (`siret`)
) ENGINE=InnoDB AUTO_INCREMENT=272 DEFAULT CHARSET=latin1;

--
-- Déchargement des données de la table `audit`
--

INSERT INTO `audit` (`id`, `dateRealization`, `userEmail`, `siret`, `detteNette`, `chiffreAffaire`, `resultatNet`, `fondsPropres`, `bfr`, `variationBFR`, `fr`, `ebe`, `capitalSocial`, `coutDette`, `detteCT`, `detteLT`, `tresorerie`, `caf`, `bilanTotal`, `ratioGearing`, `rentabiliteExploitation`, `rentabiliteGlobale`, `ratioEquity`, `ratioLevier`, `icr`, `resultAudit`) VALUES
(13, '2022-01-19 16:19:52', 'benali.ahmed@gmail.com', '12345678901231', 1370, 567, 13, 842, 185, -1, 192, 120, 428, 8, -1, -1, 7, 129, 2356, 1.62708, 0.21164, 0.0229277, 0.357385, 11.4167, 15, 2),
(14, '2022-01-19 16:33:47', 'benali.ahmed@gmail.com', '12345678901234', 29.8, 80.3, -25.8, -1.227, -98.3, -1, -82.6, 1, 1, 0.357, -1, -1, 15.7, 1.15, 152.3, -24.2869, 0.0124533, -0.321295, -0.00805647, 29.8, 2.80112, 3),
(16, '2022-01-20 14:18:17', 'derkaoui.malik@gmail.com', '12345678901231', 139000, 4180, 573, 49000, 45300, -1, 62000, 9000, 15000, 1800, -1, -1, 16000, 9000, 346000, 2.83673, 2.15311, 0.137081, 0.141618, 15.4444, 5, 3),
(17, '2022-01-21 12:02:07', 'lennon.bob@gmail.com', '35282361100053', 1370, 567, 13, 842, 185, -1, 192, 120, 427.5, 8, -1, -1, 7.21, 129, 2356, 1.62708, 0.21164, 0.02293, 0.35739, 11.4167, 15, 2),
(18, '2022-01-21 12:02:08', 'parks.rosa@gmail.com', '12345678901233', 6040, 2060, 28.8, 5836, 573, -1, 634, 507, 5417, 15, -1, -1, 61.1, 526, 13584, 1.03496, 0.24612, 0.01398, 0.42962, 11.9132, 33.8, 1),
(19, '2022-01-21 12:02:09', 'lennon.bob@gmail.com', '35282361100053', 2340, 1900, 3570, 69, -8.63, -1, 83.4, 495, 7.6, 45, -1, -1, 92.1, 457, 2692, 33.913, 0.26053, 1.87895, 0.02563, 4.72727, 11, 3),
(20, '2022-01-21 12:02:10', 'parks.rosa@gmail.com', '12345678901233', 566, 7050, 107, 1620, 1880, -1, 2020, 19.7, 500, 43, -1, -1, 138, 295, 1640, 0.34938, 0.00279, 0.01518, 0.9878, 28.731, 0.45814, 1),
(21, '2022-01-21 12:02:11', 'parks.rosa@gmail.com', '12345678901233', 2000, 3790, -59.3, 2613, -3310, -1, -3310, 795, 2672, 129, -1, -1, 0, 647, 9435, 0.7654, 0.20976, -0.01565, 0.27695, 2.51572, 6.16279, 3),
(22, '2022-01-21 12:02:12', 'benali.ahmed@gmail.com', '12345678901231', 269, 615, 131, 459.8, 52.1, -1, 378, 215, 10, 4.7, -1, -1, 326, 194, 780.4, 0.58504, 0.34959, 0.21301, 0.58919, 1.25116, 45.7447, 1),
(23, '2022-01-21 12:02:13', 'parks.rosa@gmail.com', '12345678901230', 29.8, 80.3, -25.8, -1.227, -98.3, -1, -82.6, 1, 1, 0.357, -1, -1, 15.7, 1.15, 152.3, -24.2869, 0.01245, -0.3213, -0.00806, 29.8, 2.80112, 3),
(24, '2022-01-21 12:02:14', 'lennon.bob@gmail.com', '35282361100053', 175, 3170, 3.89, 1456, 1070, -1, 1400, 47.2, 280, 2.1, -1, -1, 334, 70.1, 1851, 0.12019, 0.01489, 0.00123, 0.7866, 3.70763, 22.4762, 1),
(25, '2022-01-21 12:02:15', 'parks.rosa@gmail.com', '12345678901230', 18, 497, 198, 653, 392, -1, 480, 306, 134, 0.1, -1, -1, 88.5, 235, 800, 0.02757, 0.61569, 0.39839, 0.81625, 0.05882, 0, 1),
(26, '2022-01-21 12:02:16', 'parks.rosa@gmail.com', '12345678901230', 0, 224, 25.5, 996, 363, -1, 1190, 29.7, 3.1, 0.1, -1, -1, 828, 35.6, 2136, 0, 0.13259, 0.11384, 0.46629, 0, 297, 1),
(27, '2022-01-21 12:02:17', 'parks.rosa@gmail.com', '12345678901233', 108, 2520, 0.1, 328, -665, -1, -198, 162, 184, 22.2, -1, -1, 467, 211, 2216, 0.32927, 0.06429, 0.00004, 0.14801, 0.66667, 7.2973, 2),
(28, '2022-01-21 12:02:18', 'benali.ahmed@gmail.com', '12345678901234', 0.8, 5590, 52.2, 372, -527, -1, -139, 134, 100, 0.1, -1, -1, 388, 117, 1877, 0.00215, 0.02397, 0.00934, 0.19819, 0.00597, 1340, 2),
(29, '2022-01-21 12:02:19', 'parks.rosa@gmail.com', '12345678901233', 9.81, 5560, 331, 1984, 978, -1, 1930, 478, 44, 0.1, -1, -1, 951, 350, 3266, 0.00494, 0.08597, 0.05953, 0.60747, 0.02052, 4780, 1),
(30, '2022-01-21 12:02:20', 'benali.ahmed@gmail.com', '12345678901231', 1020, 2640, 23.1, 911.4, 833, -1, 1200, 316, 300, 12.4, -1, -1, 371, 313, 2414.7, 1.11916, 0.1197, 0.00875, 0.37744, 3.22785, 25.4839, 2),
(31, '2022-01-21 12:02:21', 'lennon.bob@gmail.com', '35282361100053', 1220, 7320, 212, 689.6, -279, -1, 1040, 350, 140, 8.1, -1, -1, 1320, 353, 4679.2, 1.76914, 0.04781, 0.02896, 0.14738, 3.48571, 43.2099, 2),
(32, '2022-01-21 12:02:22', 'benali.ahmed@gmail.com', '12345678901232', 86.6, 694, 52.7, 228.2, 20.1, -1, 205, 110, 68.6, 1.5, -1, -1, 185, 86.9, 424.2, 0.37949, 0.1585, 0.07594, 0.53795, 0.78727, 73.3333, 1),
(33, '2022-01-21 12:02:07', 'lennon.bob@gmail.com', '35282361100053', 1120, 3070, 578, 744.9, 655, -1, 1050, 875, 145.6, 29.8, -1, -1, 393, 653, 2806.5, 1.50356, 0.28502, 0.18827, 0.26542, 1.28, 29.3624, 2),
(34, '2022-01-21 12:02:07', 'parks.rosa@gmail.com', '12345678901230', 318, 314, -154, -108, -201, -1, -187, -83.4, 400, 1.3, -1, -1, 14, -88.9, 814, -2.94444, -0.26561, -0.49045, -0.13268, -3.81295, -64.1538, 3),
(35, '2022-01-21 12:02:07', 'benali.ahmed@gmail.com', '12345678901232', 1300, 2440, 218, 406.7, 243, -1, 732, 2440, 72, 15, -1, -1, 489, 300, 2155.7, 3.19646, 1, 0.08934, 0.18866, 0.53279, 162.667, 3),
(36, '2022-01-21 12:02:07', 'benali.ahmed@gmail.com', '12345678901234', 1918, 521, 158, 5304, -471, -1, 5300, 365, 40, 0.1, -1, -1, 5770, 158, 7222, 0.36161, 0.70058, 0.30326, 0.73442, 5.25479, 3650, 1),
(37, '2022-01-21 12:02:07', 'benali.ahmed@gmail.com', '12345678901232', 1530, 3860, 3.94, -338, 746, -1, 940, 72.9, 120, 0.3, -1, -1, 194, 64.7, 2113, -4.52663, 0.01889, 0.00102, -0.15996, 20.9876, 243, 3),
(38, '2022-01-21 12:02:07', 'lennon.bob@gmail.com', '35282361100053', 389, 873, -14, 1428, 961, -1, 1650, 232, 82, -1.6, -1, -1, 687, 232, 2060, 0.27241, 0.26575, -0.01604, 0.6932, 1.67672, -145, 3),
(39, '2022-01-21 12:02:07', 'benali.ahmed@gmail.com', '12345678901232', 0, 240, 76.3, 624, 68.5, -1, 547, 59.4, 440, 0.1, -1, -1, 478, 61.8, 860, 0, 0.2475, 0.31792, 0.72558, 0, 594, 1),
(40, '2022-01-21 12:02:07', 'parks.rosa@gmail.com', '12345678901230', 567, 566, 36.2, 95, 130, -1, 228, 71.6, 100, 12.7, -1, -1, 98.1, 64, 965, 5.96842, 0.1265, 0.06396, 0.09845, 7.91899, 5.6378, 3),
(41, '2022-01-21 12:02:07', 'lennon.bob@gmail.com', '35282361100053', 159, 5810, 101, 400, -1070, -1, 11.4, 267, 240, 0.01, -1, -1, 1080, 206, 3533, 0.3975, 0.04596, 0.01738, 0.11322, 0.59551, 26700, 1),
(42, '2022-01-21 12:02:07', 'lennon.bob@gmail.com', '35282361100053', 610, 1250, 198, 3507, 1140, -1, 1340, 169, 1150, 14, -1, -1, 202, 222, 4633, 0.17394, 0.1352, 0.1584, 0.75696, 3.60947, 12.0714, 1),
(43, '2022-01-21 12:02:07', 'parks.rosa@gmail.com', '12345678901233', 3940, 5000, -844, 996, 1110, -1, 2140, 165, 715, 34, -1, -1, 1030, 122, 6405, 3.95582, 0.033, -0.1688, 0.1555, 23.8788, 4.85294, 3),
(44, '2022-01-21 12:02:07', 'benali.ahmed@gmail.com', '12345678901232', 23.1, 1140, 66.7, 543, 249, -1, 549, 108, 20, 0.205, -1, -1, 300, 87.8, 1197, 0.04254, 0.09474, 0.05851, 0.45363, 0.21389, 526.829, 1),
(45, '2022-01-21 12:02:07', 'lennon.bob@gmail.com', '35282361100053', 284, 2070, 146, 945, 328, -1, 1000, 278, 44, 2, -1, -1, 673, 24.2, 1740, 0.30053, 0.1343, 0.07053, 0.5431, 1.02158, 139, 1),
(46, '2022-01-21 12:02:07', 'lennon.bob@gmail.com', '35282361100053', 998, 6800, 10, 2824, 2730, -1, 3530, 156, 2850, 9.5, -1, -1, 795, 108, 5401, 0.3534, 0.02294, 0.00147, 0.52287, 6.39744, 16.421, 1),
(47, '2022-01-21 12:02:07', 'parks.rosa@gmail.com', '12345678901233', 812, 4180, 312, 3067, 484, -1, 2930, 45, 292, 5, -1, -1, 2450, 767, 4518, 0.26475, 0.01077, 0.07464, 0.67884, 18.0444, 9, 1),
(48, '2022-01-21 12:02:07', 'benali.ahmed@gmail.com', '12345678901234', 92, 6810, 270, 1424, -299, -1, 1850, 392, 73, 5, -1, -1, 2150, 290, 3614, 0.06461, 0.05756, 0.03965, 0.39402, 0.23469, 78.4, 1),
(49, '2022-01-21 12:02:07', 'benali.ahmed@gmail.com', '12345678901234', 15.4, 7480, 52.6, 185, 134, -1, 199, 70.9, 20, 6, -1, -1, 65.9, 53.8, 754, 0.08324, 0.00948, 0.00703, 0.24536, 0.21721, 11.8167, 2),
(50, '2022-01-21 12:02:07', 'benali.ahmed@gmail.com', '12345678901231', 370, 339, 2.38, 377, 229, -1, 434, 32.2, 9, 1.7, -1, -1, 205, 31.7, 844, 0.98143, 0.09499, 0.00702, 0.44668, 11.4907, 18.9412, 2),
(51, '2022-01-21 12:02:07', 'parks.rosa@gmail.com', '12345678901233', 1530, 3400, 777, 2837, 1630, -1, 3440, 674, 850, 5.5, -1, -1, 1810, 924, 5500, 0.5393, 0.19824, 0.22853, 0.51582, 2.27003, 122.545, 1),
(52, '2022-01-21 12:02:07', 'benali.ahmed@gmail.com', '12345678901232', 3230, 5820, 732, 2620, 812, -1, 1330, 220, 111, 237, -1, -1, 518, 918, 8141, 1.23282, 0.0378, 0.12577, 0.32183, 14.6818, 0.92827, 2),
(53, '2022-01-21 12:02:07', 'lennon.bob@gmail.com', '35282361100053', 576, 2440, -11.7, 1169, -42.3, -1, 822, 88.3, 88, 6, -1, -1, 865, 104, 2201, 0.49273, 0.03619, -0.0048, 0.53112, 6.52322, 14.7167, 2),
(54, '2022-01-21 12:02:07', 'lennon.bob@gmail.com', '35282361100053', 335, 3040, 164, 2201, 739, -1, 2080, 267, 576, 3.1, -1, -1, 1340, 165, 2744, 0.1522, 0.08783, 0.05395, 0.80211, 1.25468, 86.129, 1),
(55, '2022-01-21 12:02:07', 'benali.ahmed@gmail.com', '12345678901234', 643, 7960, 770, 3241, 9.97, -1, 1380, 1210, 600, 4, -1, -1, 1370, 1180, 7033, 0.1984, 0.15201, 0.09673, 0.46083, 0.5314, 302.5, 1),
(56, '2022-01-21 12:02:07', 'parks.rosa@gmail.com', '12345678901230', 3, 4570, -505, -824, 6670, -1, 6670, 357, 250, 35, -1, -1, 0, 323, 8296, -0.00364, 0.07812, -0.1105, -0.09932, 0.0084, 10.2, 3),
(57, '2022-01-21 12:02:07', 'lennon.bob@gmail.com', '35282361100053', 1630, 4990, 174, 307, 1980, -1, 1980, 398, 38, 48, -1, -1, 2.11, 745, 4095, 5.30945, 0.07976, 0.03487, 0.07497, 4.09548, 8.29167, 3),
(58, '2022-01-21 12:02:07', 'lennon.bob@gmail.com', '35282361100053', 371, 5280, 955, 2656, 2110, -1, 2830, 1460, 10, 0.1, -1, -1, 721, 1100, 4040, 0.13968, 0.27652, 0.18087, 0.65743, 0.25411, 14600, 1),
(59, '2022-01-21 12:02:07', 'parks.rosa@gmail.com', '12345678901233', 145, 1560, 8.19, 8, 26.9, -1, 170, 24.2, 50, 0.1, -1, -1, 143, 29.5, 478, 18.125, 0.01551, 0.00525, 0.01674, 5.99174, 242, 3),
(60, '2022-01-21 12:02:07', 'lennon.bob@gmail.com', '35282361100053', 266, 77.7, 449, 1051, 20, -1, 1320, -100, 66, 2.6, -1, -1, 1300, 588, 1334, 0.25309, -1.287, 5.77864, 0.78786, -2.66, -38.4615, 3),
(61, '2022-01-21 12:02:07', 'lennon.bob@gmail.com', '35282361100053', 28.3, 373, -30, 479, 5.24, -1, 51.3, 38.8, 300, 0.1, -1, -1, 46, -17.3, 563, 0.05908, 0.10402, -0.08043, 0.8508, 0.72938, 388, 2),
(62, '2022-01-21 12:02:07', 'lennon.bob@gmail.com', '35282361100053', 18, 407, 6.23, 140, 149, -1, 151, -38.7, 77.4, 3.4, -1, -1, 2.48, 10, 248, 0.12857, 0.75177, 0.01531, 0.56452, -0.46512, -11.3823, 3),
(63, '2022-01-21 12:02:07', 'parks.rosa@gmail.com', '12345678901230', 83.1, 141, 24.5, 531, 47.8, -1, 330, 106, 174, 1.7, -1, -1, 282, 99.5, 632, 0.1565, 0.1623, 0.17376, 0.84019, 0.78396, 62.3529, 1),
(64, '2022-01-21 12:02:07', 'benali.ahmed@gmail.com', '12345678901231', 1810, 1220, 44.5, 203, -223, -1, 348, 198, 152, 9.7, -1, -1, 572, 188, 2426, 8.91626, 0.1623, 0.03648, 0.08368, 9.14141, 20.4124, 3),
(65, '2022-01-21 12:02:07', 'lennon.bob@gmail.com', '35282361100053', 0, 68.8, 11.9, 30.5, -5.69, -1, 30.5, 14.1, 1, 0.1, -1, -1, 36.2, 11.9, 47.6, 0, 0.20494, 0.17297, 0.64076, 0, 141, 1),
(66, '2022-01-21 12:02:07', 'benali.ahmed@gmail.com', '12345678901234', 3890, 8640, 1060, 9528, -1560, -1, 1950, 1860, 16, 30, -1, -1, 3510, 1520, 19591, 0.40827, 0.21528, 0.12269, 0.48635, 2.0914, 62, 1),
(67, '2022-01-21 12:02:07', 'parks.rosa@gmail.com', '12345678901233', 8050, 5710, -614, -5808, 464, -1, 464, 137, 40, 41, -1, -1, 0, 770, 10704, -1.38602, 0.02399, -0.10753, -0.5426, 58.7591, 3.34146, 3),
(68, '2022-01-21 12:02:07', 'lennon.bob@gmail.com', '35282361100053', 1040, 5570, 2410, 12266, 2280, -1, 2360, 4460, 153, 0.6, -1, -1, 74.4, 3420, 15655, 0.08479, 0.80072, 0.43268, 0.78352, 0.23318, 7433.33, 1),
(69, '2022-01-21 12:02:07', 'parks.rosa@gmail.com', '12345678901230', 4740, 8860, 476, 3617, 649, -1, 1800, 1340, 1250, 58, -1, -1, 1150, 1080, 10866, 1.31048, 0.15124, 0.05372, 0.33287, 3.53731, 23.1035, 2),
(70, '2022-01-21 12:02:07', 'parks.rosa@gmail.com', '12345678901230', 233, 4410, 331, 1410, -554, -1, -533, 1010, 20, 2, -1, -1, 20.5, 901, 10966, 0.16525, 0.22902, 0.07506, 0.12858, 0.23069, 505, 1),
(71, '2022-01-21 12:02:07', 'lennon.bob@gmail.com', '35282361100053', 7730, 5120, 497, 9493, 7200, -1, 7700, 2260, 182, 352, -1, -1, 494, 1710, 23527, 0.81428, 0.44141, 0.09707, 0.40349, 3.42035, 6.42045, 1),
(72, '2022-01-21 12:02:07', 'benali.ahmed@gmail.com', '12345678901234', 5170, 2360, -216, -1173, -446, -1, -446, 118, 16, 163, -1, -1, 0, 635, 13523, -4.4075, 0.05, -0.09153, -0.08674, 43.8136, 0.72393, 3),
(73, '2022-01-21 12:02:07', 'lennon.bob@gmail.com', '35282361100053', 18700, 5980, 37.2, 175, -476, -1, -476, 2840, 130, 600, -1, -1, 0, 2240, 27097, 106.857, 0.47492, 0.00622, 0.00646, 6.58451, 4.73333, 3),
(74, '2022-01-21 12:02:07', 'parks.rosa@gmail.com', '12345678901233', 540, 4860, 932, 744, 222, -1, 1840, 1460, 39, 4, -1, -1, 1620, 1050, 2598, 0.72581, 0.30041, 0.19177, 0.28637, 0.36986, 365, 2),
(75, '2022-01-21 12:02:07', 'parks.rosa@gmail.com', '12345678901233', 1440, 6790, 1310, 1976, 1820, -1, 1820, 2640, 610, 81.5, -1, -1, 0, 2030, 7057, 0.72874, 0.38881, 0.19293, 0.28001, 0.54545, 32.3926, 1),
(76, '2022-01-21 12:02:07', 'benali.ahmed@gmail.com', '12345678901231', 0, 2450, 551, -3879, -4740, -1, -4740, 1120, 40, 172, -1, -1, 0, 1050, 2427, 0, 0.45714, 0.2249, -1.59827, 0, 6.51163, 3),
(77, '2022-01-21 12:02:07', 'lennon.bob@gmail.com', '35282361100053', 1240, 7530, -568, 2064, -699, -1, -699, 1580, 369, 576, -1, -1, 0, 1150, 19936, 0.60078, 0.20983, -0.07543, 0.10353, 0.78481, 2.74306, 2),
(78, '2022-01-21 12:02:07', 'lennon.bob@gmail.com', '35282361100053', 2440, 940, 126, -739, -107, -1, -782, 209, 38.2, 68.5, -1, -1, 0.284, 543, 6142, -3.30176, 0.22234, 0.13404, -0.12032, 11.6746, 3.05109, 1),
(79, '2022-01-21 12:02:07', 'parks.rosa@gmail.com', '12345678901233', 8500, 6710, -868, 2641, 4180, -1, 4830, -554, 10, 79.4, -1, -1, 659, -661, 11156, 3.21848, -0.08256, -0.12936, 0.23673, -15.343, -6.97733, 3),
(80, '2022-01-21 12:02:07', 'parks.rosa@gmail.com', '12345678901230', 336, 510, 25.6, 348, -276, -1, -210, 219, 150, 3.7, -1, -1, 65.6, 233, 1031, 0.96552, 0.42941, 0.0502, 0.33754, 1.53425, 59.1892, 1),
(81, '2022-01-21 12:02:07', 'parks.rosa@gmail.com', '12345678901233', 900, 1070, 91.4, 1758, 15.4, -1, 934, 180, 1505, 9, -1, -1, 918, 182, 3223, 0.51195, 0.16822, 0.08542, 0.54545, 5, 20, 1),
(82, '2022-01-21 12:02:07', 'parks.rosa@gmail.com', '12345678901233', 511, 1460, 13.8, 172, 132, -1, 192, 115, 17.9, 9.9, -1, -1, 60.3, 105, 871, 2.97093, 0.07877, 0.00945, 0.19747, 4.44348, 11.6162, 3),
(83, '2022-01-21 12:02:07', 'benali.ahmed@gmail.com', '12345678901231', 570, 476, 4.59, 353, 164, -1, 486, 112, 140, 2, -1, -1, 322, 118, 961, 1.61473, 0.23529, 0.00964, 0.36733, 5.08929, 56, 2),
(84, '2022-01-21 12:02:07', 'lennon.bob@gmail.com', '35282361100053', 112, 484, 37.3, 1042, 396, -1, 825, 256, 61.7, -1.8, -1, -1, 428, 268, 1316, 0.10749, 0.52893, 0.07707, 0.79179, 0.4375, -142.222, 1),
(85, '2022-01-21 12:02:07', 'lennon.bob@gmail.com', '35282361100053', 368, 947, -256, 795, -10.4, -1, 874, -179, 27, -0.6, -1, -1, 885, -18.5, 1376, 0.46289, -0.18902, -0.27033, 0.57776, -2.05587, 298.333, 1),
(86, '2022-01-21 12:02:07', 'benali.ahmed@gmail.com', '12345678901232', 5.07, 121, -133, 66.6, -211, -1, -210, -101, 65.5, 51.7, -1, -1, 1.36, -77.9, 287, 0.07613, -0.83471, -1.09917, 0.23206, -0.0502, -1.95358, 3),
(87, '2022-01-21 12:02:07', 'lennon.bob@gmail.com', '35282361100053', 1180, 6590, 700, 1462, 918, -1, 2080, 1180, 89, 120, -1, -1, 1160, 1190, 4251, 0.80711, 0.17906, 0.10622, 0.34392, 1, 9.83333, 2),
(88, '2022-01-21 12:02:07', 'benali.ahmed@gmail.com', '12345678901231', 0, 8790, 140, 1461, 2180, -1, 2190, 418, 762, -192, -1, -1, 6.15, 344, 4666, 0, 0.04755, 0.01593, 0.31312, 0, -2.17708, 1),
(89, '2022-01-21 12:02:07', 'parks.rosa@gmail.com', '12345678901230', 959, 3020, 282, 1774, 536, -1, 2620, 378, 290, -0.7, -1, -1, 2080, 372, 3282, 0.54059, 0.12517, 0.09338, 0.54052, 2.53704, -540, 1),
(90, '2022-01-21 12:02:07', 'parks.rosa@gmail.com', '12345678901233', 286, 546, -4, 169, 409, -1, 435, 8.42, 15, 0.7, -1, -1, 26.5, 6.69, 512, 1.69231, 0.01542, -0.00733, 0.33008, 33.9668, 12.0286, 3),
(91, '2022-01-21 12:02:07', 'benali.ahmed@gmail.com', '12345678901234', 0.1, 9940, 4110, 6851.8, 5480, -1, 6670, 5990, 100, 0.9, -1, -1, 1180, 4200, 8629.7, 0.00001, 0.60262, 0.41348, 0.79398, 0.00002, 6655.56, 1),
(92, '2022-01-21 12:02:07', 'parks.rosa@gmail.com', '12345678901230', 39.4, 136, -56.3, -33.8, 1.59, -1, 5.7, -55.8, 4, 0.3, -1, -1, 4.1, -56.3, 46.7, -1.16568, -0.41029, -0.41397, -0.72377, -0.70609, -186, 3),
(93, '2022-01-21 12:02:07', 'parks.rosa@gmail.com', '12345678901233', 179, 4310, 238, 2883, 2180, -1, 2250, 424, 1000, 0.1, -1, -1, 71.3, 379, 3697, 0.06209, 0.09838, 0.05522, 0.77982, 0.42217, 4240, 1),
(94, '2022-01-21 12:02:07', 'lennon.bob@gmail.com', '35282361100053', 432, 5170, -4.9, 5210.2, 2550, -1, 4680, 63.8, 217, 3, -1, -1, 2120, 298, 6680.7, 0.08291, 0.01234, -0.00095, 0.77989, 6.77116, 21.2667, 2),
(95, '2022-01-21 12:02:07', 'benali.ahmed@gmail.com', '12345678901234', 0.1, 3260, 293, 3527.5, 384, -1, 2790, 468, 201.5, 0.4, -1, -1, 2410, 395, 4258.9, 0.00003, 0.14356, 0.08988, 0.82827, 0.00021, 1170, 1),
(96, '2022-01-21 12:02:07', 'benali.ahmed@gmail.com', '12345678901231', 410, 1640, 44, 526.5, 200, -1, 912, 71.3, 250, 0.1, -1, -1, 711, 53.2, 1185.3, 0.77873, 0.04348, 0.02683, 0.44419, 5.75035, 713, 1),
(97, '2022-01-21 12:02:07', 'lennon.bob@gmail.com', '35282361100053', 39.3, 3300, 93.4, 654.1, 510, -1, 1100, 412, 201, 0.7, -1, -1, 587, 406, 2239.6, 0.06008, 0.12485, 0.0283, 0.29206, 0.09539, 588.571, 1),
(98, '2022-01-21 12:02:07', 'parks.rosa@gmail.com', '12345678901233', 73.9, 422, -12.5, 94.5, 43.2, -1, 80, -0.3, 2, 1.1, -1, -1, 36.9, -1.36, 231.2, 0.78201, -0.00071, -0.02962, 0.40874, -246.333, -0.27273, 3),
(99, '2022-01-21 12:02:07', 'lennon.bob@gmail.com', '35282361100053', 524, 1420, 48.5, 263.6, 192, -1, 291, 256, 200, 6.7, -1, -1, 99.2, 237, 1014.4, 1.98786, 0.1802, 0.0341, 0.25986, 2.04688, 38.209, 2),
(100, '2022-01-21 12:02:07', 'benali.ahmed@gmail.com', '12345678901234', 75, 578, 4.16, 212.7, 23.1, -1, 160, 25.6, 100, 0.8, -1, -1, 137, 29, 460.4, 0.35261, 0.04429, 0.0072, 0.46199, 2.92969, 32, 2),
(101, '2022-01-21 12:02:07', 'benali.ahmed@gmail.com', '12345678901232', 301, 2980, 167, 1386, 629, -1, 1670, 256, 183, 0.1, -1, -1, 1040, 191, 2735.4, 0.21717, 0.08591, 0.05604, 0.50669, 1.17578, 2560, 1),
(102, '2022-01-21 12:02:07', 'benali.ahmed@gmail.com', '12345678901232', 1390, 515, 113, 830, 288, -1, 302, 210, 427.5, 6.3, -1, -1, 14.9, 207, 2337, 1.67, 0.41, 0.22, 0.36, 6.62, 33.33, 2),
(103, '2022-01-21 12:02:07', 'lennon.bob@gmail.com', '35282361100053', 4840, 1440, 144, 5807, 810, -1, 811, 552, 5417, 0.1, -1, -1, 1.4, 504, 11156, 0.83, 0.38, 0.1, 0.52, 8.77, 5520, 1),
(104, '2022-01-21 12:02:07', 'benali.ahmed@gmail.com', '12345678901234', 2190, 1690, 0.7, 65, 46.7, -1, 89.1, 358, 7.6, 48, -1, -1, 42.5, 438, 2459, 33.69, 0.21, 0, 0.03, 6.12, 7.46, 3),
(105, '2022-01-21 12:02:07', 'lennon.bob@gmail.com', '35282361100053', 600, 8200, 57.3, 1514, 1710, -1, 1870, 160, 500, 29.9, -1, -1, 168, 137, 4864, 0.4, 0.02, 0.01, 0.31, 3.75, 5.35, 2),
(106, '2022-01-21 12:02:07', 'parks.rosa@gmail.com', '12345678901233', 3000, 4000, 0.5, 2373, -3220, -1, -3220, 849, 5000, 152, -1, -1, 0, 694, 9832, 1.26, 0.21, 0, 0.24, 3.53, 5.59, 2),
(107, '2022-01-21 12:02:07', 'lennon.bob@gmail.com', '35282361100053', 339, 575, 115, 376, 19.2, -1, 312, 231, 10, 5.7, -1, -1, 293, 192, 761.3, 0.9, 0.4, 0.2, 0.49, 1.47, 40.53, 1),
(108, '2022-01-21 12:02:07', 'benali.ahmed@gmail.com', '12345678901231', 35.4, 170, -1.78, 24.6, -85.6, -1, -78.2, 17.7, 1, 0.547, -1, -1, 7.4, 21.3, 146.4, 1.44, 0.1, -0.01, 0.17, 2, 32.36, 2),
(109, '2022-01-21 12:02:07', 'lennon.bob@gmail.com', '35282361100053', 91.1, 3700, 133, 1572, 926, -1, 1380, 235, 2800, 1.9, -1, -1, 457, 187, 1938, 0.06, 0.06, 0.04, 0.81, 0.39, 123.68, 1),
(110, '2022-01-21 12:02:07', 'parks.rosa@gmail.com', '12345678901230', 11.8, 654, 225, 747, 497, -1, 548, 327, 134, 0.1, -1, -1, 51.4, 258, 888, 0.02, 0.5, 0.34, 0.84, 0.04, 3270, 1),
(111, '2022-01-21 12:02:07', 'benali.ahmed@gmail.com', '12345678901231', 1040, 213, 88.4, 971, 348, -1, 1180, 95.9, 3.1, 0.1, -1, -1, 832, 97.7, 2147, 1.07, 0.45, 0.42, 0.45, 10.84, 959, 1),
(112, '2022-01-21 12:02:07', 'lennon.bob@gmail.com', '35282361100053', 284, 2650, 93.3, 399.8, 25.6, -1, 27.3, 196, 184, 20.5, -1, -1, 1.71, 292, 2396, 0.71, 0.07, 0.04, 0.17, 1.45, 9.56, 2),
(113, '2022-01-21 12:02:07', 'lennon.bob@gmail.com', '35282361100053', 430, 8680, 134, 134, -233, -1, 207, 270, 100, 0.1, -1, -1, 440, 218, 3891, 3.21, 0.03, 0.02, 0.03, 1.59, 2700, 3),
(114, '2022-01-21 12:02:07', 'benali.ahmed@gmail.com', '12345678901232', 1.42, 6100, 301, 1653.1, 591, -1, 1590, 435, 40, 0.1, -1, -1, 998, 318, 2677.5, 0, 0.07, 0.05, 0.62, 0, 4350, 1),
(115, '2022-01-21 12:02:07', 'benali.ahmed@gmail.com', '12345678901231', 814, 3010, 90.6, 961.4, 1020, -1, 1020, 424, 300, 15.7, -1, -1, 0.1, 357, 2321.2, 0.85, 0.14, 0.03, 0.41, 1.92, 27.01, 1),
(116, '2022-01-21 12:02:07', 'lennon.bob@gmail.com', '35282361100053', 512, 4440, 220, 477.8, -103, -1, 284, 352, 140.1, 7.7, -1, -1, 387, 359, 2429.3, 1.07, 0.08, 0.05, 0.2, 1.45, 45.71, 2),
(117, '2022-01-21 12:02:07', 'benali.ahmed@gmail.com', '12345678901231', 119, 551, 23, 182.4, 87.3, -1, 157, 64.2, 38.2, 1.5, -1, -1, 70, 58.1, 355.9, 0.65, 0.12, 0.04, 0.51, 1.85, 42.8, 1),
(118, '2022-01-21 12:02:07', 'parks.rosa@gmail.com', '12345678901230', 1020, 2970, 415, 597.3, 442, -1, 674, 652, 145.6, 29.8, -1, -1, 232, 486, 2756.4, 1.71, 0.22, 0.14, 0.22, 1.56, 21.88, 2),
(119, '2022-01-21 12:02:07', 'lennon.bob@gmail.com', '35282361100053', 317, 796, 37.5, 46, -90.2, -1, -87.5, 315, 400, 1.4, -1, -1, 2.94, -18.2, 945, 6.89, 0.4, 0.05, 0.05, 1.01, 0.01, 3),
(120, '2022-01-21 12:02:07', 'lennon.bob@gmail.com', '35282361100053', 1420, 1520, 72.2, 185.8, 334, -1, 647, 1520, 72, 12.8, -1, -1, 312, 131, 1970.2, 7.64, 1, 0.05, 0.09, 0.93, 118.75, 3),
(121, '2022-01-21 12:02:07', 'lennon.bob@gmail.com', '35282361100053', 1645, -332, 104, 5631, -459, -1, 5630, -373, 40, 0.1, -1, -1, 6090, 162, 7276, 0.29, 1.12, -0.31, 0.77, -4.41, -3730, 3),
(122, '2022-01-21 12:02:07', 'parks.rosa@gmail.com', '12345678901233', 1660, 4090, 18.1, -342, 757, -1, 1030, 92.5, 120, 0.3, -1, -1, 274, 81.8, 2418, -4.85, 0.02, 0, -0.14, 17.95, 308.33, 3),
(123, '2022-01-21 12:02:07', 'lennon.bob@gmail.com', '35282361100053', 596, 944, 91.3, 1442, 853, -1, 1430, 134, 82, -1.9, -1, -1, 582, 98.1, 2038, 0.41, 0.14, 0.1, 0.71, 4.45, -70.53, 1),
(124, '2022-01-21 12:02:07', 'benali.ahmed@gmail.com', '12345678901232', 0, 80.5, -125, 548, -63.6, -1, 395, -73.5, 440, 0.1, -1, -1, 458, -102, 709, 0, -0.91, -1.55, 0.77, 0, -735, 3),
(125, '2022-01-21 12:02:07', 'benali.ahmed@gmail.com', '12345678901231', 444, 638, 0.284, 59, 88.1, -1, 90.5, -32.2, 100, 17.4, -1, -1, 2.36, 23.9, 815, 7.53, -0.05, 0, 0.07, -13.79, -1.85, 3),
(126, '2022-01-21 12:02:07', 'lennon.bob@gmail.com', '35282361100053', 4.5, 6090, 263, 301, -839, -1, -123, 352, 240, 0.1, -1, -1, 716, 373, 3628, 0.01, 0.06, 0.04, 0.08, 0.01, 3520, 2),
(127, '2022-01-21 12:02:07', 'benali.ahmed@gmail.com', '12345678901231', 138, 1270, 267, 3561, 1120, -1, 1270, 168, 1150, 0.929, -1, -1, 151, 388, 4146, 0.04, 0.13, 0.21, 0.86, 0.82, 180.84, 1),
(128, '2022-01-21 12:02:07', 'benali.ahmed@gmail.com', '12345678901234', 2260, 6890, 48.9, 265, -94.5, -1, 523, 536, 715, 2, -1, -1, 618, 466, 5254, 8.53, 0.08, 0.01, 0.05, 4.22, 268, 3),
(129, '2022-01-21 12:02:07', 'lennon.bob@gmail.com', '35282361100053', 26.8, 1120, 72, 477, 8.43, -1, 460, 138, 20, 0.31, -1, -1, 452, 98.3, 960, 0.06, 0.12, 0.06, 0.5, 0.19, 445.16, 1),
(130, '2022-01-21 12:02:07', 'benali.ahmed@gmail.com', '12345678901234', 266, 2300, 228, 948, 285, -1, 920, 403, 44, 2.5, -1, -1, 634, 339, 1735, 0.28, 0.18, 0.1, 0.55, 0.66, 161.2, 1),
(131, '2022-01-21 12:02:07', 'benali.ahmed@gmail.com', '12345678901234', 1080, 6320, -35.4, 2814, 3340, -1, 3560, 59.5, 2850, 11, -1, -1, 224, 71.7, 4859, 0.38, 0.01, -0.01, 0.58, 18.15, 5.41, 2),
(132, '2022-01-21 12:02:07', 'lennon.bob@gmail.com', '35282361100053', 351, 4320, 446, 2990, 767, -1, 2310, 800, 292, 5.5, -1, -1, 1550, 731, 2989, 0.12, 0.19, 0.1, 1, 0.44, 145.45, 1),
(133, '2022-01-21 12:02:07', 'lennon.bob@gmail.com', '35282361100053', 1.2, 6860, 186, 1155, 15.7, -1, 1480, 604, 73, 5, -1, -1, 1460, 590, 3278, 0, 0.09, 0.03, 0.35, 0, 120.8, 2),
(134, '2022-01-21 12:02:07', 'parks.rosa@gmail.com', '12345678901230', 135, 5470, 64.3, 146, 278, -1, 279, 82.4, 20, 7.5, -1, -1, 1.16, 67.4, 1720, 0.92, 0.02, 0.01, 0.08, 1.64, 10.99, 2),
(135, '2022-01-21 12:02:07', 'lennon.bob@gmail.com', '35282361100053', 206, 421, 49.4, 398, 195, -1, 273, 68.9, 9, 1, -1, -1, 77.7, 60.8, 717, 0.52, 0.16, 0.12, 0.56, 2.99, 68.9, 1),
(136, '2022-01-21 12:02:07', 'lennon.bob@gmail.com', '35282361100053', 200, 3540, 602, 4060, 1730, -1, 3380, 1120, 850, 5.9, -1, -1, 1650, 871, 5556, 0.05, 0.32, 0.17, 0.73, 0.18, 189.83, 1),
(137, '2022-01-21 12:02:07', 'benali.ahmed@gmail.com', '12345678901231', 0.023, 5790, 883, 1887, -1740, -1, -1590, 681, 111, 0.009, -1, -1, 145, 809, 5884, 0, 0.12, 0.15, 0.32, 0, 75666.7, 1),
(138, '2022-01-21 12:02:07', 'benali.ahmed@gmail.com', '12345678901232', 569, 2490, 77.7, 1180, 48.6, -1, 860, 189, 86, 6, -1, -1, 812, 171, 2172, 0.48, 0.08, 0.03, 0.54, 3.01, 31.5, 1),
(139, '2022-01-21 12:02:07', 'lennon.bob@gmail.com', '35282361100053', 148, 4140, 474, 2528, 968, -1, 2300, 711, 576, 4.3, -1, -1, 1330, 600, 3430, 0.19, 0.17, 0.11, 0.74, 0.68, 165.35, 1),
(140, '2022-01-21 12:02:07', 'parks.rosa@gmail.com', '12345678901230', 643, 7895, -842, 2537, 455, -1, 700, -236, 600, 4.5, -1, -1, 245, -335, 6682, 0.25, -0.03, -0.11, 0.38, -2.72, -0.01, 3),
(141, '2022-01-21 12:02:07', 'parks.rosa@gmail.com', '12345678901233', 0, 8170, 745, -700, 6270, -1, 6510, 1560, 250, 35, -1, -1, 244, 1540, 9000, 0, 0.19, 0.09, -0.08, 0, 44.57, 3),
(142, '2022-01-21 12:02:07', 'benali.ahmed@gmail.com', '12345678901234', 1440, 6600, 462, 639, 1990, -1, 2040, 345, 38, 4, -1, -1, 51.2, 532, 5127, 2.25, 0.05, 0.07, 0.12, 4.17, 86.25, 3),
(143, '2022-01-21 12:02:07', 'benali.ahmed@gmail.com', '12345678901232', 171, 4750, 429, 1701, 1140, -1, 1650, 719, 10, 0.1, -1, -1, 513, 556, 2925, 0.1, 0.15, 0.09, 0.58, 0.24, 7190, 1),
(144, '2022-01-21 12:02:07', 'parks.rosa@gmail.com', '12345678901230', 147, 1590, 17.2, 17, -18.3, -1, 143, 5.81, 50, 0.1, -1, -1, 161, 24.6, 505, 8.65, 0, 0.01, 0.03, 25.3, 58.1, 3),
(145, '2022-01-21 12:02:07', 'parks.rosa@gmail.com', '12345678901233', 29.8, 444, 199, 1102, 45.6, -1, 390, 73.8, 66, 0.7, -1, -1, 345, 205, 1339, 0.03, 0.17, 0.45, 0.82, 0.4, 105.43, 1),
(146, '2022-01-21 12:02:07', 'parks.rosa@gmail.com', '12345678901233', 54.4, 386, -37.5, 509, -15.7, -1, 21.5, 120, 300, 0.2, -1, -1, 37.2, -23.5, 678, 0.11, 0.31, -0.1, 0.75, 0.45, 600, 2),
(147, '2022-01-21 12:02:07', 'parks.rosa@gmail.com', '12345678901233', 60.06, 463, 8.07, 185, 220, -1, 233, 25.7, 129, 2.8, -1, -1, 13.1, 12, 334, 0.32, 0.06, 0.02, 0.55, 2.34, 9.18, 2),
(148, '2022-01-21 12:02:07', 'benali.ahmed@gmail.com', '12345678901234', 92.2, 179, 97.1, 541, 56.6, -1, 330, 147, 174, 2, -1, -1, 274, 116, 648, 0.17, 0.82, 0.54, 0.83, 0.63, 73.5, 1),
(149, '2022-01-21 12:02:07', 'lennon.bob@gmail.com', '35282361100053', 0, 1450, -200, 159, -1950, -1, -1640, 185, 152, 0.1, -1, -1, 307, -26.5, 3064, 0, 0.13, -0.14, 0.05, 0, 0.6, 3),
(150, '2022-01-21 12:02:07', 'benali.ahmed@gmail.com', '12345678901232', 0, 81.9, 18.1, 38, 10.1, -1, 38.6, 21.4, 1, 0.1, -1, -1, 28.5, 18.1, 46.5, 0, 0.26, 0.22, 0.82, 0, 214, 1),
(151, '2022-01-21 12:02:07', 'benali.ahmed@gmail.com', '12345678901231', 7.67, 7960, 814, 8624, -1570, -1, 5120, 1490, 30, 0.1, -1, -1, 6690, 1230, 14790, 0, 0.19, 0.1, 0.58, 0.01, 14900, 1),
(152, '2022-01-21 12:02:07', 'parks.rosa@gmail.com', '12345678901230', 6830, 6410, -168, -5188, -372, -1, -250, 146, 40, 55, -1, -1, 122, 833, 11023, -1.3165, 0.02278, -0.02621, -0.47065, 46.7808, 2.65455, 3),
(153, '2022-01-21 12:02:07', 'parks.rosa@gmail.com', '12345678901230', 334, 5670, 2610, 9867, -1910, -1, -1590, 4650, 153, 1.5, -1, -1, 323, 3520, 13805, 0.03385, 0.82011, 0.46032, 0.71474, 0.07183, 3100, 1),
(154, '2022-01-21 12:02:07', 'parks.rosa@gmail.com', '12345678901230', 4800, 1110, 614, 3067, 1660, -1, 1780, 1430, 1250, 35, -1, -1, 129, 1150, 10486, 1.56505, 1.28829, 0.55315, 0.29249, 3.35664, 40.8571, 2),
(155, '2022-01-21 12:02:07', 'parks.rosa@gmail.com', '12345678901233', 635, 4640, 315, 873, -1130, -1, -1050, 986, 20, 1, -1, -1, 83.1, 904, 11041, 0.72738, 0.2125, 0.06789, 0.07907, 0.64402, 986, 2),
(156, '2022-01-21 12:02:07', 'parks.rosa@gmail.com', '12345678901230', 8550, 5690, 864, 9133, 7000, -1, 7500, 2730, 182, 411, -1, -1, 501, 2030, 24084, 0.93617, 0.47979, 0.15185, 0.37921, 3.13187, 6.64234, 2),
(157, '2022-01-21 12:02:07', 'lennon.bob@gmail.com', '35282361100053', 5880, 2890, 131, -782, -467, -1, -467, 725, 16, 337, -1, -1, 0, 1020, 13360, -7.51918, 0.25087, 0.04533, -0.05853, 8.11034, 2.15134, 3),
(158, '2022-01-21 12:02:07', 'lennon.bob@gmail.com', '35282361100053', 17500, 6900, -296, 383, -2800, -1, -2800, 2220, 130, 633, -1, -1, 0, 1860, 28047, 45.6919, 0.32174, -0.0429, 0.01366, 7.88288, 3.50711, 3),
(159, '2022-01-21 12:02:07', 'benali.ahmed@gmail.com', '12345678901232', 479, 5290, 2250, 1171, 733, -1, 3220, 1720, 39, 16, -1, -1, 2480, 673, 4038, 0.40905, 0.32514, 0.42533, 0.29, 0.27849, 107.5, 1),
(160, '2022-01-21 12:02:07', 'benali.ahmed@gmail.com', '12345678901232', 2090, 7730, 1370, 2036, 2330, -1, 2330, 2690, 610, 103, -1, -1, 0, 1960, 8387, 1.02652, 0.34799, 0.17723, 0.24276, 0.77695, 26.1165, 1),
(161, '2022-01-21 12:02:07', 'parks.rosa@gmail.com', '12345678901230', 0, 3130, -3290, -4335, -5130, -1, -5130, 1180, 40, 49, -1, -1, 0, 1240, 2281, 0, 0.377, -1.05112, -1.90048, 0, 24.0816, 3),
(162, '2022-01-21 12:02:07', 'benali.ahmed@gmail.com', '12345678901232', 1310, 8320, -222, 2648, 169, -1, 169, 1920, 369, 610, -1, -1, 0, 1980, 20226, 0.49471, 0.23077, -0.02668, 0.13092, 0.68229, 3.14754, 2),
(163, '2022-01-21 12:02:07', 'parks.rosa@gmail.com', '12345678901233', 2600, 1010, -52.4, -696, -127, -1, -127, 1010, 38.2, 112, -1, -1, 0.192, 303, 6196, -3.73563, 1, -0.05188, -0.11233, 2.57426, 9.01786, 1),
(164, '2022-01-21 12:02:07', 'lennon.bob@gmail.com', '35282361100053', 6880, 7040, -315, 1773, 4140, -1, 4540, 910, 10, 101, -1, -1, 401, 957, 8931, 3.88043, 0.12926, -0.04474, 0.19852, 7.56044, 9.0099, 3),
(165, '2022-01-21 12:02:07', 'parks.rosa@gmail.com', '12345678901230', 725, 650, 28.7, 322, -38.2, -1, -29.7, 194, 150, 5.2, -1, -1, 8.53, 218, 1031, 2.25155, 0.29846, 0.04415, 0.31232, 3.73711, 37.3077, 2),
(166, '2022-01-21 12:02:07', 'benali.ahmed@gmail.com', '12345678901234', 1830, 1360, 109, 173, 1660, -1, 1720, 170, 5, 2.1, -1, -1, 59.3, 172, 2365, 10.578, 0.125, 0.08015, 0.07315, 10.7647, 80.9524, 3),
(167, '2022-01-21 12:02:07', 'parks.rosa@gmail.com', '12345678901233', 518, 1900, 39.2, 969, 98.4, -1, 166, 136, 17.9, 8.2, -1, -1, 67.7, 113, 969, 0.53457, 0.07158, 0.02063, 1, 3.80882, 16.5854, 1),
(168, '2022-01-21 12:02:07', 'benali.ahmed@gmail.com', '12345678901232', 505, 478, 32.6, 357, 175, -1, 455, 113, 140, 4.7, -1, -1, 279, 111, 889, 1.41457, 0.2364, 0.0682, 0.40157, 4.46903, 24.0425, 1),
(169, '2022-01-21 12:02:07', 'lennon.bob@gmail.com', '35282361100053', 130, 618, 187, 1052, 345, -1, 832, 388, 61.7, -1.3, -1, -1, 487, 395, 1244, 0.12357, 0.62783, 0.30259, 0.84566, 0.33505, -298.462, 1),
(170, '2022-01-21 12:02:07', 'lennon.bob@gmail.com', '35282361100053', 88.3, 1500, 122, 4933, 203, -1, 800, 187, 27, -0.7, -1, -1, 597, 191, 5442, 0.0179, 0.12467, 0.08133, 0.90647, 0.47219, -267.143, 1),
(171, '2022-01-21 12:02:07', 'lennon.bob@gmail.com', '35282361100053', 44.9, 189, -150, 383, -440, -1, -436, -191, 65, 4, -1, -1, 3.86, -129, 299, 0.11723, -1.01058, -0.79365, 1.28094, -0.23508, -47.75, 3),
(172, '2022-01-21 12:02:07', 'benali.ahmed@gmail.com', '12345678901232', 623, 4940, 32, 1004, 845, -1, 967, 967, 89, 5.2, -1, -1, 122, 258, 3541, 0.62052, 0.19575, 0.00648, 0.28354, 0.64426, 185.962, 1),
(173, '2022-01-21 12:02:07', 'lennon.bob@gmail.com', '35282361100053', 0.827, 9690, 47, 1335, 2060, -1, 2070, 254, 762, -192, -1, -1, 1.31, 234, 4205, 0.00062, 0.02621, 0.00485, 0.31748, 0.00326, -1.32292, 3),
(174, '2022-01-21 12:02:07', 'lennon.bob@gmail.com', '35282361100053', 499, 3730, 690, 1892, 649, -1, 2120, 960, 290, -1, -1, -1, 1470, 819, 2837, 0.26374, 0.25737, 0.18499, 0.6669, 0.51979, -960, 1),
(175, '2022-01-21 12:02:07', 'lennon.bob@gmail.com', '35282361100053', 119, 513, -31.1, 163, 266, -1, 273, -9.83, 15, 1.5, -1, -1, 7.01, -11.4, 383, 0.73006, -0.01916, -0.06062, 0.42559, -12.1058, -6.55333, 3),
(176, '2022-01-21 12:02:07', 'benali.ahmed@gmail.com', '12345678901234', 0.1, 5990, 1520, 3738.2, 2440, -1, 3620, 2270, 100, 0.1, -1, -1, 1180, 1550, 5065.3, 0.00003, 0.37896, 0.25376, 0.738, 0.00004, 22700, 1),
(177, '2022-01-21 12:02:07', 'lennon.bob@gmail.com', '35282361100053', 30, 234, 5.1, 22.5, 32.2, -1, 52.5, 7.64, 4, 0.7, -1, -1, 20.3, 6.1, 65.1, 1.33333, 0.03265, 0.02179, 0.34562, 3.9267, 10.9143, 2),
(178, '2022-01-21 12:02:07', 'benali.ahmed@gmail.com', '12345678901232', 30.2, 6480, 865, 2945, 1560, -1, 2100, 1320, 1000, 1, -1, -1, 536, 981, 4132, 0.01025, 0.2037, 0.13349, 0.71273, 0.02288, 1320, 1),
(179, '2022-01-21 12:02:07', 'lennon.bob@gmail.com', '35282361100053', 330, 6700, 165, 5215.1, 1910, -1, 4680, 506, 217, 2.9, -1, -1, 2770, 485, 6353.9, 0.06328, 0.07552, 0.02463, 0.82077, 0.65217, 174.483, 1),
(180, '2022-01-21 12:02:07', 'benali.ahmed@gmail.com', '12345678901234', 0.1, 3670, 439, 3280.9, 158, -1, 2440, 739, 201.5, 0.1, -1, -1, 2280, 571, 3908, 0.00003, 0.20136, 0.11962, 0.83953, 0.00014, 7390, 1),
(181, '2022-01-21 12:02:07', 'lennon.bob@gmail.com', '35282361100053', 0.1, 1650, 164, 582.5, 227, -1, 552, 219, 250, 0.1, -1, -1, 325, 170, 832, 0.00017, 0.13273, 0.09939, 0.70012, 0.00046, 2190, 1),
(182, '2022-01-21 12:02:07', 'lennon.bob@gmail.com', '35282361100053', 213, 3880, 152, 654.1, -26.8, -1, 1170, 364, 201, 2, -1, -1, 1190, 311, 2118.1, 0.32564, 0.09381, 0.03918, 0.30881, 0.58516, 182, 1),
(183, '2022-01-21 12:02:07', 'lennon.bob@gmail.com', '35282361100053', 73, 661, 30.3, 94.5, 71.6, -1, 95.1, 47.9, 2, 1.1, -1, -1, 23.5, 42.3, 231.22, 0.77249, 0.07247, 0.04584, 0.4087, 1.52401, 43.5454, 2),
(184, '2022-01-21 12:02:07', 'parks.rosa@gmail.com', '12345678901230', 506, 1160, 6.45, 215.1, 128, -1, 175, 203, 5, 4.8, -1, -1, 46.7, 198, 919.3, 2.35239, 0.175, 0.00556, 0.23398, 2.49261, 42.2917, 3),
(185, '2022-01-21 12:02:07', 'lennon.bob@gmail.com', '35282361100053', 45.9, 616, 47.9, 47.9, 75.9, -1, 151, 110, 100, 0.9, -1, -1, 75.4, 95.2, 367.2, 0.95825, 0.17857, 0.07776, 0.13045, 0.41727, 122.222, 2),
(186, '2022-01-21 12:02:07', 'benali.ahmed@gmail.com', '12345678901231', 0.8, 4000, 93.5, 1300.3, 600, -1, 1290, 273, 183, 0.1, -1, -1, 693, 246, 2398.3, 0.00062, 0.06825, 0.02338, 0.54218, 0.00293, 2730, 1),
(187, '2022-01-21 12:02:07', 'parks.rosa@gmail.com', '12345678901233', 1160, 508, 1.22, 717, 180, -1, 181, 78.8, 427.5, 5.6, -1, -1, 0.5, 83.4, 1978, 1.62, 0.16, 0, 0.36, 14.72, 14.07, 2),
(188, '2022-01-21 12:02:07', 'lennon.bob@gmail.com', '35282361100053', 1010, 1600, 352, 6001, 471, -1, 717, 790, 5417, 0.2, -1, -1, 246, 663, 7283, 0.17, 0.49, 0.22, 0.82, 1.28, 3950, 1),
(189, '2022-01-21 12:02:07', 'benali.ahmed@gmail.com', '12345678901231', 1770, 1450, -20.8, 69, 35.7, -1, 78.2, 260, 7.6, 32, -1, -1, 42.5, 276, 1398, 25.65, 0.18, -0.01, 0.05, 6.81, 8.13, 3),
(190, '2022-01-21 12:02:07', 'lennon.bob@gmail.com', '35282361100053', 625, 6970, 64.9, 1456, 1750, -1, 1810, 226, 500, 19.1, -1, -1, 58.2, 186, 4406, 0.43, 0.03, 0.01, 0.33, 2.77, 11.83, 2),
(191, '2022-01-21 12:02:07', 'benali.ahmed@gmail.com', '12345678901234', 4200, 4020, 8, 2372, -2560, -1, -2560, 942, 5000, 175, -1, -1, 0, 772, 10426, 1.77, 0.23, 0, 0.23, 4.46, 5.38, 3),
(192, '2022-01-21 12:02:07', 'parks.rosa@gmail.com', '12345678901230', 367, 676, 89.6, 173.6, 58.5, -1, 226, 216, 10, 6.3, -1, -1, 167, 158, 704.3, 2.11, 0.32, 0.13, 0.25, 1.7, 34.29, 2),
(193, '2022-01-21 12:02:07', 'benali.ahmed@gmail.com', '12345678901231', 0, 160, -0.915, 26.4, -66.1, -1, -51, 14, 1, 0.1, -1, -1, 15.1, 13.9, 73.9, 0, 0.09, -0.01, 0.36, 0, 0, 3),
(194, '2022-01-21 12:02:07', 'parks.rosa@gmail.com', '12345678901233', 57, 3930, 63.3, 1439, 664, -1, 1260, 130, 2800, 1.7, -1, -1, 597, 114, 1722, 0.04, 0, 0.02, 0.84, 0.44, 8.24, 2),
(195, '2022-01-21 12:02:07', 'lennon.bob@gmail.com', '35282361100053', 5.74, 456, 360, 814, 485, -1, 630, 497, 134, 0.1, -1, -1, 145, 385, 956, 0.01, 1.09, 0.79, 0.85, 0.01, 4970, 1),
(196, '2022-01-21 12:02:07', 'benali.ahmed@gmail.com', '12345678901234', 1060, 213, 107, 882.3, 264, -1, 1110, 117, 3.1, 0.4, -1, -1, 850, 118, 2043, 1.2, 0.55, 0.5, 0.43, 0.96, 292.5, 1),
(197, '2022-01-21 12:02:07', 'benali.ahmed@gmail.com', '12345678901231', 412, 2590, -93.3, 205.7, -597, -1, -74.7, 40.2, 184, 12.6, -1, -1, 522, 91.5, 1902, 2, 0.02, -0.04, 0.11, 10.25, 3.19, 3),
(198, '2022-01-21 12:02:07', 'benali.ahmed@gmail.com', '12345678901232', 45.2, 880, 85.3, 85.3, 207, -1, 252, 126, 100, 0.1, -1, -1, 45.2, 96.6, 2137, 0.53, 0.14, 0.1, 0.04, 0.36, 1260, 1),
(199, '2022-01-21 12:02:07', 'benali.ahmed@gmail.com', '12345678901231', 1.6, 8430, 416, 1352.5, 416, -1, 1310, 605, 40, 0.1, -1, -1, 898, 442, 2041.5, 0, 0.07, 0.05, 0.66, 0, 6050, 1),
(200, '2022-01-21 12:02:07', 'lennon.bob@gmail.com', '35282361100053', 718, 2630, 120, 954.5, 973, -1, 937, 465, 300, 20.4, -1, -1, 0.1, 452, 2074.4, 0.75, 0.18, 0.05, 0.46, 1.54, 22.79, 1),
(201, '2022-01-21 12:02:07', 'benali.ahmed@gmail.com', '12345678901234', 605, 5280, 159, 258, -237, -1, 183, 263, 140.1, 9.6, -1, -1, 420, 237, 2634, 2.34, 0.05, 0.03, 0.1, 2.3, 27.4, 3),
(202, '2022-01-21 12:02:07', 'benali.ahmed@gmail.com', '12345678901231', 97.4, 463, 14.8, 166.2, 119, -1, 135, 46.9, 68.6, 1.2, -1, -1, 16, 45.3, 303.8, 0.59, 0.1, 0.03, 0.55, 2.08, 39.08, 1),
(203, '2022-01-21 12:02:07', 'benali.ahmed@gmail.com', '12345678901231', 1040, 3090, 568, 752, 575, -1, 795, 741, 145.6, 2.2, -1, -1, 220, 608, 2701, 1.38, 0.24, 0.18, 0.28, 1.4, 336.82, 1),
(204, '2022-01-21 12:02:07', 'parks.rosa@gmail.com', '12345678901230', 526, 1180, -37.1, 8.5, -162, -1, -118, -257, 400, 1.4, -1, -1, 43.8, 230, 1460, 61.88, -0.22, -0.03, 0.01, -2.05, -183.57, 3),
(205, '2022-01-21 12:02:07', 'benali.ahmed@gmail.com', '12345678901232', 693, 1520, 146, 408.4, 252, -1, 617, 1520, 72, 10.5, -1, -1, 364, 196, 908.5, 1.7, 1, 0.1, 0.45, 0.46, 144.76, 1),
(206, '2022-01-21 12:02:07', 'benali.ahmed@gmail.com', '12345678901232', 5240, 2880, -2280, 2436, 4410, -1, 1070, 2710, 40, 0.1, -1, -1, 1690, 413, 9993, 2.15, 0.94, -0.79, 0.24, 1.93, 27100, 3),
(207, '2022-01-21 12:02:07', 'benali.ahmed@gmail.com', '12345678901232', 2020, 4060, 21.3, -360, 1090, -1, 1350, 60.2, 120, 0.3, -1, -1, 257, 74.8, 2547, -5.61, 0.01, 0.01, -0.14, 33.55, 200.67, 3),
(208, '2022-01-21 12:02:07', 'parks.rosa@gmail.com', '12345678901233', 557, 1230, 288, 1351, 738, -1, 1390, 408, 82, -1.5, -1, -1, 650, 295, 1960, 0.41, 0.33, 0.23, 0.69, 1.37, -272, 1),
(209, '2022-01-21 12:02:07', 'lennon.bob@gmail.com', '35282361100053', 0, 99.5, -45.5, 673, -19.4, -1, 648, -44.2, 440, 0.1, -1, -1, 668, -42.2, 779, 0, -0.44, -0.46, 0.86, 0, -442, 3),
(210, '2022-01-21 12:02:07', 'lennon.bob@gmail.com', '35282361100053', 537, 588, -8.88, 59, 159, -1, 159, 15.1, 100, 11.9, -1, -1, 0.294, 22.5, 903, 9.1, 0.03, -0.02, 0.07, 35.56, 1.27, 3),
(211, '2022-01-21 12:02:07', 'benali.ahmed@gmail.com', '12345678901232', 0.859, 5740, 322, 46.6, -1240, -1, -297, 200, 240, 0.1, -1, -1, 941, 370, 3427, 0.02, 0.03, 0.06, 0.01, 0, 2000, 2),
(212, '2022-01-21 12:02:07', 'benali.ahmed@gmail.com', '12345678901232', 80.3, 7220, 163, 3548, 909, -1, 1340, 65.5, 1150, 0.1, -1, -1, 430, 61.6, 3892, 0.02, 0.01, 0.02, 0.91, 1.23, 655, 2),
(213, '2022-01-21 12:02:07', 'lennon.bob@gmail.com', '35282361100053', 0, 6250, -226, 216, -2220, -1, -1800, 154, 715, 0.024, -1, -1, 427, 141, 4620, 0, 0.02, -0.04, 0.05, 0, 6416.67, 2),
(214, '2022-01-21 12:02:07', 'lennon.bob@gmail.com', '35282361100053', 30.7, 952, 80.4, 405, 109, -1, 373, 140, 20, 2, -1, -1, 264, 94.9, 831, 0.08, 0.15, 0.08, 0.49, 0.22, 70, 1),
(215, '2022-01-21 12:02:07', 'parks.rosa@gmail.com', '12345678901230', 200, 2450, 170, 793, 420, -1, 865, 327, 44, 2.5, -1, -1, 445, 283, 1579, 0.25, 0.13, 0.07, 0.5, 0.61, 130.8, 1),
(216, '2022-01-21 12:02:07', 'parks.rosa@gmail.com', '12345678901230', 1210, 7450, -76.6, 2849, 3380, -1, 3640, -380, 2850, 13, -1, -1, 261, 43.6, 4930, 0.42, -0.05, -0.01, 0.58, -3.18, -29.23, 3),
(217, '2022-01-21 12:02:07', 'parks.rosa@gmail.com', '12345678901230', 456, 4040, 462, 2692, 498, -1, 2360, 903, 292, 6, -1, -1, 1860, 770, 3684, 0.17, 0.22, 0.11, 0.73, 0.5, 150.5, 1),
(218, '2022-01-21 12:02:07', 'benali.ahmed@gmail.com', '12345678901232', 9.5, 4760, 428, 1369, 531, -1, 1330, 442, 73, 5, -1, -1, 796, 444, 2609, 0.01, 0.09, 0.09, 0.52, 0.02, 88.4, 1),
(219, '2022-01-21 12:02:07', 'lennon.bob@gmail.com', '35282361100053', 204, 2720, 47.7, 82.3, 281, -1, 281, 58.5, 20, 9.3, -1, -1, 0.029, 51.9, 1073, 2.48, 0.02, 0.02, 0.08, 3.49, 6.29, 3),
(220, '2022-01-21 12:02:07', 'lennon.bob@gmail.com', '35282361100053', 65.3, 426, 104, 372, 218, -1, 313, 136, 9, 0.3, -1, -1, 95.2, 102, 511, 0.18, 0.32, 0.24, 0.73, 0.48, 453.33, 1),
(221, '2022-01-21 12:02:07', 'benali.ahmed@gmail.com', '12345678901234', 264, 3800, 781, 3688, 945, -1, 2970, 1080, 850, 6.7, -1, -1, 2030, 1030, 5108, 0.07, 0.28, 0.21, 0.72, 0.24, 196.36, 1),
(222, '2022-01-21 12:02:07', 'lennon.bob@gmail.com', '35282361100053', 102, 4350, 836, 1004, -2260, -1, -1950, 161, 111, 2.5, -1, -1, 318, 792, 5356, 0.1, 0.04, 0.19, 0.19, 0.63, 64.4, 1),
(223, '2022-01-21 12:02:07', 'lennon.bob@gmail.com', '35282361100053', 427, 2620, 126, 1113, -29.3, -1, 756, 223, 82, 4.7, -1, -1, 786, 224, 1982, 0.38, 0.09, 0.05, 0.56, 1.91, 47.45, 1),
(224, '2022-01-21 12:02:07', 'benali.ahmed@gmail.com', '12345678901234', 256, 4260, 482, 2351, 915, -1, 2110, 729, 576, 4.4, -1, -1, 1290, 613, 3430, 0.12, 0.17, 0.11, 0.64, 0.35, 165.68, 1),
(225, '2022-01-21 12:02:07', 'benali.ahmed@gmail.com', '12345678901234', 1090, 8940, 458, 3394, 496, -1, 1380, 1040, 600, 1.3, -1, -1, 886, 883, 7625, 0.32, 0.12, 0.05, 0.45, 1.05, 800, 1),
(226, '2022-01-21 12:02:07', 'benali.ahmed@gmail.com', '12345678901234', 0, 5950, -750, -1000, -1090, -1, 5240, 111, 250, 35, -1, -1, 0, 141, 9000, 0, 0.02, -0.13, -0.11, 0, 3.17, 3),
(227, '2022-01-21 12:02:07', 'benali.ahmed@gmail.com', '12345678901232', 1740, 5330, 376, 660, 2390, -1, 2590, 218, 38, 0.1, -1, -1, 202, 455, 5396, 2.64, 0.04, 0.07, 0.12, 7.98, 2180, 3),
(228, '2022-01-21 12:02:07', 'parks.rosa@gmail.com', '12345678901233', 1300, 5110, 1150, 1788, 748, -1, 2050, 1710, 10, 0.1, -1, -1, 1300, 1200, 3160, 0.73, 0.33, 0.23, 0.57, 0.76, 17100, 1),
(229, '2022-01-21 12:02:07', 'benali.ahmed@gmail.com', '12345678901234', 129, 1550, 46.8, 0.7, -33, -1, 106, 14.9, 50, 0.5, -1, -1, 139, 53.6, 472, 184.29, 0.01, 0.03, 0, 8.66, 29.8, 3),
(230, '2022-01-21 12:02:07', 'lennon.bob@gmail.com', '35282361100053', 2, 348, 195, 953, 129, -1, 243, 58.9, 66, 0.5, -1, -1, 113, 195, 1088, 0, 0.17, 0.56, 0.88, 0.03, 117.8, 1),
(231, '2022-01-21 12:02:07', 'lennon.bob@gmail.com', '35282361100053', 121, 476, 147, 546, 78.7, -1, 88.5, 161, 300, 0.6, -1, -1, 9.8, 210, 717, 0.22, 0.34, 0.31, 0.76, 0.75, 268.33, 1),
(232, '2022-01-21 12:02:07', 'benali.ahmed@gmail.com', '12345678901234', 70.1, 507, 11.9, 177, 192, -1, 232, 7.24, 129, 2.5, -1, -1, 39.7, 16.7, 378, 0.4, 0.01, 0.02, 0.47, 9.68, 2.9, 1),
(233, '2022-01-21 12:02:07', 'benali.ahmed@gmail.com', '12345678901231', 99.5, 179, 92.5, 514, 78.7, -1, 291, 141, 174, 2.3, -1, -1, 212, 112, 624, 0.19, 0.79, 0.52, 0.82, 0.71, 61.3, 1),
(234, '2022-01-21 12:02:07', 'parks.rosa@gmail.com', '12345678901230', 0, 1410, 157, 509, 323, -1, 479, 344, 153, 0.1, -1, -1, 156, 338, 892, 0, 0.24, 0.11, 0.57, 0, 2.21, 1),
(235, '2022-01-21 12:02:07', 'parks.rosa@gmail.com', '12345678901230', 0, 101, 36.1, 40, -0.5, -1, 40.5, 44, 1, 0.1, -1, -1, 41, 36.1, 56.8, 0, 0.44, 0.36, 0.7, 0, 440, 1),
(236, '2022-01-21 12:02:07', 'parks.rosa@gmail.com', '12345678901233', 5830, 7820, 730, 7935, -1030, -1, 4800, 1580, 40, 0.1, -1, -1, 5830, 1190, 13717, 0.73, 0.2, 0.09, 0.58, 3.69, 15800, 1),
(237, '2022-01-21 12:02:07', 'lennon.bob@gmail.com', '35282361100053', 7350, 6370, -284, -5014, 13.2, -1, 13.8, 117, 40, 113, -1, -1, 0.5, 526, 11113, -1.4659, 0.01837, -0.04458, -0.45118, 62.8205, 1.0354, 3),
(238, '2022-01-21 12:02:07', 'benali.ahmed@gmail.com', '12345678901232', 3720, 6100, 2640, 7273, -1000, -1, -468, 4810, 153, 4, -1, -1, 534, 3550, 13874, 0.51148, 0.78852, 0.43279, 0.52422, 0.77339, 1202.5, 1),
(239, '2022-01-21 12:02:07', 'lennon.bob@gmail.com', '35282361100053', 1740, 9060, 538, 3344, -892, -1, -794, 1420, 1250, 43, -1, -1, 98.5, 1160, 9644, 0.52033, 0.15673, 0.05938, 0.34674, 1.22535, 33.0233, 2),
(240, '2022-01-21 12:02:07', 'lennon.bob@gmail.com', '35282361100053', 778, 4870, 972, 558, -1490, -1, -1420, 1550, 20, 0.1, -1, -1, 69, 1830, 10955, 1.39427, 0.31828, 0.19959, 0.05094, 0.50194, 15500, 2),
(241, '2022-01-21 12:02:07', 'parks.rosa@gmail.com', '12345678901230', 9340, 5460, 725, 8242, 6570, -1, 7080, 2510, 182, 446, -1, -1, 509, 1840, 22987, 1.13322, 0.45971, 0.13278, 0.35855, 3.72112, 5.6278, 1),
(242, '2022-01-21 12:02:07', 'benali.ahmed@gmail.com', '12345678901232', 6590, 2690, -429, -737, -434, -1, -434, 108, 16, 365, -1, -1, 0, 363, 13810, -8.94166, 0.04015, -0.15948, -0.05337, 61.0185, 0.29589, 3),
(243, '2022-01-21 12:02:07', 'benali.ahmed@gmail.com', '12345678901232', 17500, 6240, -302, 1285, -50.5, -1, -50.5, 2330, 130, 692, -1, -1, 0, 1890, 25822, 13.6187, 0.3734, -0.0484, 0.04976, 7.51073, 3.36705, 3),
(244, '2022-01-21 12:02:07', 'parks.rosa@gmail.com', '12345678901233', 738, 5000, 679, 2725, 1160, -1, 2140, 1210, 39, 27, -1, -1, 977, 870, 7410, 0.27083, 0.242, 0.1358, 0.36775, 0.60992, 44.8148, 1),
(245, '2022-01-21 12:02:07', 'parks.rosa@gmail.com', '12345678901233', 2410, 8350, 1210, 1877, 2280, -1, 2280, 2560, 610, 125, -1, -1, 0, 1840, 8118, 1.28396, 0.30659, 0.14491, 0.23121, 0.94141, 20.48, 1),
(246, '2022-01-21 12:02:07', 'lennon.bob@gmail.com', '35282361100053', 0, 1020, -2340, -950, -5530, -1, -5530, 1140, 40, 12.5, -1, -1, 0, 1220, 8093, 0, 1.11765, -2.29412, -0.11739, 0, 91.2, 3),
(247, '2022-01-21 12:02:07', 'lennon.bob@gmail.com', '35282361100053', 1300, 9150, 327, 3348, 10.9, -1, 10.9, 2870, 369, 643, -1, -1, 0, 2040, 20598, 0.38829, 0.31366, 0.03574, 0.16254, 0.45296, 4.46345, 1),
(248, '2022-01-21 12:02:07', 'parks.rosa@gmail.com', '12345678901233', 2790, 976, -145, -474, 17.6, -1, 17.9, 976, 38.2, 116, -1, -1, 0.364, 280, 6343, -5.88608, 1, -0.14857, -0.07473, 2.85861, 8.41379, 2),
(249, '2022-01-21 12:02:07', 'parks.rosa@gmail.com', '12345678901230', 6280, 2630, -1470, 1459, 3920, -1, 3980, -932, 10, 85.7, -1, -1, 63.4, -1020, 6415, 4.30432, -0.35437, -0.55894, 0.22744, -6.7382, -10.8751, 3),
(250, '2022-01-21 12:02:07', 'benali.ahmed@gmail.com', '12345678901234', 867, 721, 0.71, 294, -125, -1, -26.8, 162, 150, 6.8, -1, -1, 97.8, 163, 1460, 2.94898, 0.22469, 0.00098, 0.20137, 5.35185, 23.8235, 2),
(251, '2022-01-21 12:02:07', 'lennon.bob@gmail.com', '35282361100053', 155, 1160, 200, 282, 128, -1, 150, 248, 5, 3.7, -1, -1, 21.6, 259, 775, 0.54965, 0.21379, 0.17241, 0.36387, 0.625, 67.027, 1),
(252, '2022-01-21 12:02:07', 'benali.ahmed@gmail.com', '12345678901231', 313, 972, 36.1, 109, 60.5, -1, 116, 114, 17.9, 7, -1, -1, 55.8, 93.1, 591, 2.87156, 0.11728, 0.03714, 0.18443, 2.74561, 16.2857, 2),
(253, '2022-01-21 12:02:07', 'benali.ahmed@gmail.com', '12345678901232', 446, 465, 34.2, 267, 165, -1, 467, 108, 140, 1.7, -1, -1, 302, 122, 742, 1.67041, 0.23226, 0.07355, 0.35984, 4.12963, 63.5294, 1),
(254, '2022-01-21 12:02:07', 'lennon.bob@gmail.com', '35282361100053', 9.36, 667, 57.3, 701, 289, -1, 589, 276, 61.7, -1, -1, -1, 300, 280, 1232, 0.01335, 0.41379, 0.08591, 0.56899, 0.03391, -276, 1),
(255, '2022-01-21 12:02:07', 'parks.rosa@gmail.com', '12345678901233', 25.2, 1600, 79.6, 3561, 78.5, -1, 723, 164, 27, -0.5, -1, -1, 645, 155, 4338, 0.00708, 0.1025, 0.04975, 0.82089, 0.15366, -328, 1),
(256, '2022-01-21 12:02:07', 'parks.rosa@gmail.com', '12345678901233', 14.6, 197, -183, -230, -301, -1, -295, -171, 65, 15.6, -1, -1, 5.76, -167, 243, -0.06348, -0.86802, -0.92893, -0.9465, -0.08538, -10.9615, 3),
(257, '2022-01-21 12:02:07', 'lennon.bob@gmail.com', '35282361100053', 539, 5090, -37.3, 967, 884, -1, 1010, 0.003, 89, 120, -1, -1, 123, 34.6, 3347, 0.55739, 0, -0.00733, 0.28892, 179667, 0.00003, 2),
(258, '2022-01-21 12:02:07', 'parks.rosa@gmail.com', '12345678901230', 0, 8690, 30.4, 1334, 1970, -1, 1970, 281, 762, -236, -1, -1, 6.59, 272, 4380, 0, 0.03234, 0.0035, 0.30457, 0, -1.19068, 2),
(259, '2022-01-21 12:02:07', 'parks.rosa@gmail.com', '12345678901230', 410, 3150, 393, 1595, 662, -1, 1650, 543, 290, -1.7, -1, -1, 984, 489, 2495, 0.25705, 0.17238, 0.12476, 0.63928, 0.75506, -319.412, 1),
(260, '2022-01-21 12:02:07', 'lennon.bob@gmail.com', '35282361100053', 118, 951, 45.5, 240, 324, -1, 348, 87.9, 15, 1.9, -1, -1, 23.8, 69.4, 608, 0.49167, 0.09243, 0.04784, 0.39474, 1.34243, 46.2632, 2),
(261, '2022-01-21 12:02:07', 'benali.ahmed@gmail.com', '12345678901234', 0.1, 1860, 411, 2127, 1160, -1, 2070, 571, 100, 0.1, -1, -1, 915, 430, 2835.3, 0.00005, 0.30699, 0.22097, 0.75019, 0.00018, 5710, 1),
(262, '2022-01-21 12:02:07', 'parks.rosa@gmail.com', '12345678901230', 11.5, 176, -20.5, 17.4, 27.9, -1, 27.9, -22.9, 4, 0.1, -1, -1, 0.1, -19.3, 38.5, 0.66092, -0.13011, -0.11648, 0.45195, -0.50218, -229, 3),
(263, '2022-01-21 12:02:07', 'lennon.bob@gmail.com', '35282361100053', 85.7, 6160, 568, 2380, 1540, -1, 1680, 899, 1000, 6, -1, -1, 144, 660, 3522, 0.03601, 0.14594, 0.09221, 0.67575, 0.09533, 149.833, 1),
(264, '2022-01-21 12:02:07', 'parks.rosa@gmail.com', '12345678901230', 215, 4120, 107, 5050, 2020, -1, 4400, 470, 217, 3.6, -1, -1, 2370, 471, 6328.2, 0.04257, 0.11408, 0.02597, 0.79802, 0.45745, 130.556, 2),
(265, '2022-01-21 12:02:07', 'lennon.bob@gmail.com', '35282361100053', 0.1, 3440, 318, 2888.2, 317, -1, 2010, 556, 201.5, 0.1, -1, -1, 1700, 432, 3469.5, 0.00003, 0.16163, 0.09244, 0.83245, 0.00018, 5560, 1);
INSERT INTO `audit` (`id`, `dateRealization`, `userEmail`, `siret`, `detteNette`, `chiffreAffaire`, `resultatNet`, `fondsPropres`, `bfr`, `variationBFR`, `fr`, `ebe`, `capitalSocial`, `coutDette`, `detteCT`, `detteLT`, `tresorerie`, `caf`, `bilanTotal`, `ratioGearing`, `rentabiliteExploitation`, `rentabiliteGlobale`, `ratioEquity`, `ratioLevier`, `icr`, `resultAudit`) VALUES
(266, '2022-01-21 12:02:07', 'lennon.bob@gmail.com', '35282361100053', 0.1, 1310, -2.21, 468.2, 365, -1, 447, 6.98, 250, 0.1, -1, -1, 81.9, 10.3, 615.2, 0.00021, 0.00533, -0.00169, 0.76105, 0.01433, 69.8, 2),
(267, '2022-01-21 12:02:07', 'benali.ahmed@gmail.com', '12345678901232', 476, 2560, 89, 972.5, 46.4, -1, 1220, 311, 201, 2.8, -1, -1, 1170, 248, 2129.7, 0.48946, 0.12148, 0.03477, 0.45664, 1.53055, 111.071, 1),
(268, '2022-01-21 12:02:07', 'benali.ahmed@gmail.com', '12345678901232', 95.8, 606, 37.1, 50, 70.7, -1, 90.8, 53.6, 2, 1.5, -1, -1, 20.1, 46.2, 233, 1.916, 0.08845, 0.06122, 0.21459, 1.78731, 35.7333, 2),
(269, '2022-01-21 12:02:07', 'lennon.bob@gmail.com', '35282361100053', 328, 1010, 5.02, 220, 179, -1, 186, 123, 5, 5, -1, -1, 6.17, 123, 1000, 1.49091, 0.12178, 0.00497, 0.22, 2.66667, 24.6, 2),
(270, '2022-01-21 12:02:07', 'benali.ahmed@gmail.com', '12345678901234', 46, 543, 32.7, 180.7, 84.8, -1, 119, 67.2, 100, 1.2, -1, -1, 33.9, 56.5, 298.2, 0.25457, 0.12376, 0.06022, 0.60597, 0.68452, 56, 1),
(271, '2022-01-21 12:02:07', 'benali.ahmed@gmail.com', '12345678901234', 0.5, 2790, 57.2, 1206.8, 650, -1, 1130, 137, 183, 0.1, -1, -1, 485, 133, 1941.6, 0.00041, 0.0491, 0.0205, 0.62155, 0.00365, 1370, 1);

-- --------------------------------------------------------

--
-- Structure de la table `company`
--

DROP TABLE IF EXISTS `company`;
CREATE TABLE IF NOT EXISTS `company` (
  `siret` varchar(15) NOT NULL,
  `companyName` varchar(255) DEFAULT NULL,
  `legalStatus` varchar(100) DEFAULT NULL,
  `codeAPE` varchar(6) DEFAULT NULL,
  `numberOfEmployees` int(11) DEFAULT -1,
  `emailCEO` varchar(255) DEFAULT NULL,
  PRIMARY KEY (`siret`),
  KEY `fk_company_emailCEO` (`emailCEO`)
) ENGINE=InnoDB DEFAULT CHARSET=latin1;

--
-- Déchargement des données de la table `company`
--

INSERT INTO `company` (`siret`, `companyName`, `legalStatus`, `codeAPE`, `numberOfEmployees`, `emailCEO`) VALUES
('12345678901230', 'Orange', 'EURL', '7211Z', 70, 'parks.rosa@gmail.com'),
('12345678901231', 'Green', 'Groupement foncier agricole', '8690B', 1, 'benali.ahmed@gmail.com'),
('12345678901232', 'Red', 'SA', '7711B', 10, 'benali.ahmed@gmail.com'),
('12345678901233', 'Blue', 'SARL', '4932Z', 7, 'parks.rosa@gmail.com'),
('12345678901234', 'Olive', 'SAS', '0112Z', 15, 'benali.ahmed@gmail.com'),
('35282361100053', 'SHEMA', 'SA', '7111Z', 48, 'lennon.bob@gmail.com');

-- --------------------------------------------------------

--
-- Structure de la table `companyregistration`
--

DROP TABLE IF EXISTS `companyregistration`;
CREATE TABLE IF NOT EXISTS `companyregistration` (
  `email` varchar(255) NOT NULL,
  `siret` varchar(15) NOT NULL,
  KEY `fk_companyregistration_email` (`email`),
  KEY `fk_companyregistration_siret` (`siret`)
) ENGINE=InnoDB DEFAULT CHARSET=latin1;

--
-- Déchargement des données de la table `companyregistration`
--

INSERT INTO `companyregistration` (`email`, `siret`) VALUES
('benzema.karim@gmail.com', '12345678901230'),
('puy.guillaume@gmail.com', '12345678901230'),
('barret.alexis@gmail.com', '12345678901232'),
('derkaoui.malik@gmail.com', '12345678901232'),
('barret.alexis@gmail.com', '12345678901233'),
('test@gmail.com', '12345678901233'),
('test@gmail.com', '12345678901234'),
('test@gmail.com', '12345678901231'),
('test@gmail.com', '12345678901232'),
('test@gmail.com', '12345678901230'),
('derkaoui.malik@gmail.com', '12345678901231');

-- --------------------------------------------------------

--
-- Structure de la table `users`
--

DROP TABLE IF EXISTS `users`;
CREATE TABLE IF NOT EXISTS `users` (
  `lastName` varchar(255) DEFAULT NULL,
  `firstName` varchar(255) DEFAULT NULL,
  `email` varchar(255) NOT NULL,
  `password` varchar(255) DEFAULT NULL,
  `occupation` varchar(255) DEFAULT NULL,
  `phoneNumber` varchar(15) DEFAULT NULL,
  PRIMARY KEY (`email`)
) ENGINE=InnoDB DEFAULT CHARSET=latin1;

--
-- Déchargement des données de la table `users`
--

INSERT INTO `users` (`lastName`, `firstName`, `email`, `password`, `occupation`, `phoneNumber`) VALUES
('BARRET', 'Alexis', 'barret.alexis@gmail.com', 'ece', 'employee', '0789521671'),
('BEN ALI', 'Ahmed', 'benali.ahmed@gmail.com', 'ece', 'ceo', '0659621574'),
('BENZEMA', 'Karim', 'benzema.karim@gmail.com', 'ece', 'employee', '0601010101'),
('DAVIS', 'Valentin', 'davis.valentin@gmail.com', 'ece', 'employee', '0601010101'),
('DERKAOUI', 'Malik', 'derkaoui.malik@gmail.com', 'ece', 'employee', '0641698247'),
('LENNON', 'Bob', 'lennon.bob@gmail.com', 'ece', 'ceo', '0645713594'),
('PARKS', 'Rosa', 'parks.rosa@gmail.com', 'ece', 'ceo', '0659602592'),
('PUY', 'Guillaume', 'puy.guillaume@gmail.com', 'ece', 'employee', '0601010101'),
('TEST', 'test', 'test@gmail.com', 'ece', 'employee', '0601010101');

--
-- Contraintes pour les tables déchargées
--

--
-- Contraintes pour la table `audit`
--
ALTER TABLE `audit`
  ADD CONSTRAINT `fk_audit_email` FOREIGN KEY (`userEmail`) REFERENCES `users` (`email`),
  ADD CONSTRAINT `fk_audit_siret` FOREIGN KEY (`siret`) REFERENCES `company` (`siret`);

--
-- Contraintes pour la table `company`
--
ALTER TABLE `company`
  ADD CONSTRAINT `fk_company_emailCEO` FOREIGN KEY (`emailCEO`) REFERENCES `users` (`email`);

--
-- Contraintes pour la table `companyregistration`
--
ALTER TABLE `companyregistration`
  ADD CONSTRAINT `fk_companyregistration_email` FOREIGN KEY (`email`) REFERENCES `users` (`email`),
  ADD CONSTRAINT `fk_companyregistration_siret` FOREIGN KEY (`siret`) REFERENCES `company` (`siret`);
COMMIT;

/*!40101 SET CHARACTER_SET_CLIENT=@OLD_CHARACTER_SET_CLIENT */;
/*!40101 SET CHARACTER_SET_RESULTS=@OLD_CHARACTER_SET_RESULTS */;
/*!40101 SET COLLATION_CONNECTION=@OLD_COLLATION_CONNECTION */;
